"p_val","avg_log2FC","pct.1","pct.2","p_val_adj","cluster","gene"
0,5.92498662982103,0.39,0.071,0,"0","PLA2G2A"
0,5.48712469739961,0.3,0.021,0,"0","WISP2"
0,5.40637987376127,0.312,0.02,0,"0","RBP4"
0,5.39020789704185,0.29,0.011,0,"0","SLPI"
0,5.28840468186774,0.723,0.21,0,"0","SFRP2"
0,5.24143126300441,0.463,0.064,0,"0","COMP"
0,4.52339677453548,0.507,0.117,0,"0","SFRP4"
0,4.5164385142486,0.671,0.101,0,"0","CXCL14"
0,4.51252278655496,0.305,0.019,0,"0","PRG4"
0,4.04856510195655,0.266,0.014,0,"0","AOX1"
0,3.95513735644593,0.461,0.05,0,"0","MFAP5"
0,3.94818359547067,0.25,0.019,0,"0","KCNK15"
0,3.88750044683322,0.366,0.035,0,"0","MEDAG"
0,3.78723898650866,0.546,0.09,0,"0","FGF7"
0,3.63514505953098,0.532,0.056,0,"0","RP11-572C15.6"
0,3.62913499320252,0.838,0.289,0,"0","FBLN1"
0,3.57218049908668,0.399,0.034,0,"0","CHRDL1"
0,3.47978010382143,0.468,0.106,0,"0","EFEMP1"
0,3.4710899313924,0.894,0.281,0,"0","CCDC80"
0,3.40489938656136,0.366,0.03,0,"0","ITGBL1"
0,3.35608091204882,0.694,0.184,0,"0","NNMT"
0,3.34416864205854,0.406,0.099,0,"0","C7"
0,3.32806336432323,0.542,0.129,0,"0","RARRES1"
0,3.31949643884766,0.892,0.332,0,"0","SERPINF1"
0,3.29777545275942,0.653,0.274,0,"0","CLU"
0,3.28137051422512,0.481,0.086,0,"0","PDGFRL"
0,3.20900333538593,0.47,0.058,0,"0","GAS1"
0,3.20394792524587,0.494,0.122,0,"0","C11orf96"
0,3.198075001488,0.41,0.045,0,"0","PTGFR"
0,3.16394104217076,0.604,0.152,0,"0","IGF1"
0,3.34558175516669,0.659,0.161,0,"1","SCXA"
0,3.15849721172321,0.62,0.118,0,"1","CRABP1"
0,3.11853253124536,0.512,0.08,0,"1","TNMD"
0,2.99575027136276,0.319,0.051,0,"1","EGFL6"
0,2.95268201279484,0.279,0.048,0,"1","ZNF185"
0,2.75115891512253,0.517,0.095,0,"1","CHODL"
0,2.68214642047058,0.824,0.277,0,"1","NPW"
0,2.68096324830786,0.338,0.069,0,"1","PRSS35"
0,2.6366646055088,0.896,0.288,0,"1","DLK1"
1.41680001112413e-293,2.58868648959206,0.271,0.049,4.49989851533134e-289,"1","BEND5"
1.17260627920893e-286,2.5865450697152,0.265,0.049,3.72431480339548e-282,"1","RP11-38H17.1"
2.67608549434656e-276,2.5364072215021,0.266,0.051,8.49951513859412e-272,"1","HOXB13"
0,2.49692444813407,0.654,0.163,0,"1","FIBIN"
5.44734470067373e-312,2.4728716889427,0.281,0.05,1.73013115038098e-307,"1","EPHA7"
0,2.45482871660996,0.558,0.105,0,"1","BMP5"
0,2.418116055921,0.477,0.105,0,"1","KAZALD1"
6.06149303021403e-268,2.41470333880294,0.34,0.085,1.92519080132628e-263,"1","MEOX1"
0,2.40839987960944,0.873,0.325,0,"1","THBS4"
0,2.36457762289178,0.892,0.348,0,"1","ITM2A"
1.28888954184187e-199,2.29682504411216,0.259,0.063,4.09364207384396e-195,"1","DPT"
1.63458718784266e-199,2.28482690960763,0.299,0.084,5.19161236730707e-195,"1","MIR503HG"
0,2.26234231405386,0.457,0.123,0,"1","SIX1"
0,2.2217066856871,0.557,0.133,0,"1","RNF212"
1.55476681146776e-232,2.20799193111404,0.277,0.063,4.93809486990274e-228,"1","ASS1"
2.31075618752834e-284,2.18566357133358,0.412,0.12,7.33919272720877e-280,"1","FBXO17"
0,2.17722047428413,0.582,0.148,0,"1","FSTL5"
1.45369179159047e-280,2.1573557540845,0.312,0.068,4.6170704992705e-276,"1","FAT3"
1.2554096304958e-226,2.13661973044514,0.259,0.056,3.98730652741771e-222,"1","CNTFR"
1.89961480434765e-219,2.09106795592206,0.373,0.119,6.03336658008858e-215,"1","ANGPTL1"
0,2.08190605260648,0.944,0.33,0,"1","OGN"
0,3.89526574540536,0.769,0.078,0,"2","CD163"
0,3.79162201813451,0.724,0.071,0,"2","SLCO2B1"
0,3.77656223997134,0.661,0.205,0,"2","RNASE1"
0,3.72568585579065,0.698,0.078,0,"2","FOLR2"
0,3.68516037555934,0.691,0.081,0,"2","MS4A7"
0,3.61960577819115,0.409,0.036,0,"2","SIGLEC1"
0,3.58255383033306,0.745,0.091,0,"2","MS4A4A"
0,3.55944954980983,0.27,0.031,0,"2","TLR5"
0,3.53327502930133,0.771,0.1,0,"2","F13A1"
0,3.4692187130594,0.738,0.116,0,"2","HMOX1"
0,3.43096042262323,0.94,0.172,0,"2","C1QA"
0,3.41931218013728,0.854,0.102,0,"2","MSR1"
0,3.36268336108799,0.704,0.139,0,"2","STAB1"
0,3.36043467384502,0.934,0.136,0,"2","C1QC"
0,3.35925722621031,0.617,0.061,0,"2","GPR34"
0,3.3385765339473,0.711,0.128,0,"2","CD68"
0,3.32661907143305,0.328,0.037,0,"2","MRC1L1"
0,3.32515602176581,0.332,0.054,0,"2","LYVE1"
0,3.31614272878312,0.566,0.086,0,"2","ADAM28"
0,3.29052398040979,0.574,0.072,0,"2","CYBB"
0,3.28460819231233,0.638,0.133,0,"2","APOC1"
0,3.27053410164881,0.932,0.152,0,"2","C1QB"
0,3.26579804156588,0.579,0.099,0,"2","NPL"
0,3.25557994285643,0.836,0.117,0,"2","CSF1R"
0,3.21495845535383,0.524,0.071,0,"2","ADAP2"
0,3.19578541932848,0.33,0.061,0,"2","C2"
0,3.18512417481503,0.37,0.046,0,"2","TLR2"
0,3.18424661101032,0.302,0.038,0,"2","ADORA3"
0,3.14852853033522,0.523,0.063,0,"2","TFEC"
0,3.14175795371557,0.877,0.232,0,"2","MAFB"
0,5.90830294254266,0.339,0.031,0,"3","ANGPTL7"
0,5.26161709707785,0.304,0.012,0,"3","SHISA3"
0,4.94961110900763,0.997,0.447,0,"3","APOD"
0,4.76751713359192,0.31,0.014,0,"3","ADH1B"
3.56290397149248e-257,4.57880183151581,0.456,0.149,1.13161393038573e-252,"3","PTGDS"
0,4.38978703622142,0.297,0.024,0,"3","ENTPD2"
0,4.1812271959526,0.329,0.043,0,"3","LINC01088"
0,3.98024055720976,0.287,0.031,0,"3","GPR133"
0,3.95608043114904,0.609,0.055,0,"3","CLDN1"
0,3.92451091725613,0.668,0.072,0,"3","VIT"
0,3.74952381102607,0.325,0.052,0,"3","PODNL1"
0,3.68514715771788,0.498,0.069,0,"3","FOXS1"
0,3.63567725555398,0.342,0.031,0,"3","FMO2"
0,3.59157815745111,0.654,0.126,0,"3","FZD2"
0,3.49303903020556,0.556,0.089,0,"3","PI16"
0,3.41826829060713,0.542,0.122,0,"3","PTCH1"
0,3.32330860149985,0.784,0.142,0,"3","CYP1B1"
1.15689100379962e-315,3.2843126671135,0.325,0.061,3.67440151716798e-311,"3","WFDC1"
8.50573519418332e-312,3.21653470946424,0.275,0.042,2.70150655502457e-307,"3","P2RY14"
0,3.21126093183934,0.95,0.284,0,"3","ABCA8"
7.98446834022384e-277,3.2064017446739,0.395,0.102,2.53594698953849e-272,"3","PAMR1"
2.00482245967214e-255,3.18542299945217,0.336,0.08,6.36751661416468e-251,"3","C2orf40"
0,3.16953664585077,0.396,0.058,0,"3","OMD"
8.22451318006089e-319,3.12634605882223,0.538,0.174,2.61218763111914e-314,"3","SRPX"
0,3.04210226034751,0.393,0.079,0,"3","TNXB"
0,3.03821302934929,0.788,0.173,0,"3","ABCA9"
6.32104607797092e-224,2.92314431134448,0.345,0.092,2.00762744482435e-219,"3","OSR2"
0,2.86208151581938,0.448,0.093,0,"3","SOX9"
4.10141686332006e-256,2.86038562617541,0.27,0.05,1.30265100995908e-251,"3","KCNK2"
3.08182994589186e-216,2.85292227007947,0.299,0.071,9.78820009114712e-212,"3","SOX8"
6.916186338427e-202,3.05184135754099,0.299,0.074,2.1966499429478e-197,"4","FAT3"
4.02569113770456e-286,2.59352033748399,0.536,0.187,1.27859976224635e-281,"4","AL132709.5"
2.74276404573386e-111,2.496780712299,0.266,0.091,8.7112928856553e-107,"4","COL24A1"
1.75029554822799e-245,2.46754315201504,0.424,0.123,5.55911369072691e-241,"4","BMP5"
1.15002228136764e-141,2.43979321351757,0.294,0.092,3.65258576785175e-137,"4","MEGF10"
3.28939393651362e-159,2.43578551932951,0.347,0.116,1.04474440817609e-154,"4","DNM3OS"
7.50732665223221e-111,2.43083480614926,0.282,0.101,2.38440201801547e-106,"4","WISP1"
3.00601633698614e-153,2.41920816285403,0.378,0.143,9.54740848790168e-149,"4","AL132709.8"
1.78419061386702e-184,2.41375263690235,0.394,0.134,5.66676780870303e-180,"4","HIF3A"
6.11572835349437e-164,2.35870710379764,0.418,0.163,1.94241648235335e-159,"4","NFATC4"
2.86825593774471e-189,2.34254008613199,0.454,0.171,9.10986768387098e-185,"4","TGFB2"
4.1802771661589e-159,2.31861189986031,0.349,0.117,1.32769783074373e-154,"4","IL17RD"
2.65770048878478e-103,2.31765480035374,0.265,0.094,8.44112252242934e-99,"4","AMH"
0,2.28345582778063,0.752,0.321,0,"4","ZFHX4"
0,2.27046940074551,0.706,0.26,0,"4","BOC"
2.95085722124129e-146,2.25626214046565,0.382,0.147,9.37221762038445e-142,"4","COL27A1"
5.09788647124883e-171,2.22873551164557,0.479,0.207,1.61913972213334e-166,"4","CMYA5"
0,2.20332456055924,0.977,0.527,0,"4","MEG3"
4.39066718980643e-104,2.18734767602821,0.333,0.141,1.39451980615442e-99,"4","GLI2"
0,2.18538619570182,0.884,0.411,0,"4","TSHZ2"
1.26031424022688e-163,2.16592838727945,0.4,0.146,4.00288405838459e-159,"4","NRK"
0,2.16010180952376,0.868,0.392,0,"4","FGFR1"
8.56669877978678e-118,2.15959202206317,0.351,0.143,2.72086919944808e-113,"4","COL13A1"
1.60498307929299e-124,2.13196200440004,0.322,0.116,5.09758675814246e-120,"4","ITGA8"
2.63271695314432e-181,2.13108940223612,0.478,0.192,8.36177231488168e-177,"4","ABI3BP"
3.13976659245688e-48,2.1202666254387,0.272,0.147,9.9722126743023e-44,"4","FAM155A"
9.25505231319164e-168,2.11806087384992,0.495,0.207,2.9394971651928e-163,"4","ABCA10"
5.79286315161117e-72,2.11729049978221,0.294,0.135,1.83987126558322e-67,"4","ROBO2"
1.21180818225959e-213,2.11062255546886,0.559,0.241,3.84882396767468e-209,"4","PLEKHH2"
1.00765648943083e-118,2.0975573933032,0.35,0.142,3.20041777608126e-114,"4","PDGFRA"
0,6.48402775810933,0.801,0.032,0,"5","IL7R"
0,5.96818827667949,0.597,0.02,0,"5","KLRB1"
0,5.30905871200306,0.659,0.046,0,"5","LTB"
0,5.03308170111659,0.543,0.02,0,"5","CD3G"
0,4.98606640568168,0.808,0.04,0,"5","CD2"
0,4.96341560247872,0.534,0.042,0,"5","SPOCK2"
0,4.96306309444052,0.292,0.014,0,"5","CD6"
0,4.87336046883933,0.78,0.028,0,"5","CD3D"
0,4.865524679645,0.293,0.027,0,"5","FLT3LG"
0,4.84683811343627,0.283,0.028,0,"5","PRKCQ-AS1"
0,4.80697880484505,0.616,0.027,0,"5","CD3E"
0,4.75246908125483,0.475,0.022,0,"5","LCK"
0,4.71136408152253,0.264,0.011,0,"5","ICOS"
0,4.68044379765403,0.472,0.027,0,"5","CD96"
0,4.52444479967679,0.815,0.077,0,"5","CD52"
0,4.51705316061827,0.302,0.022,0,"5","LAT"
0,4.44604929959189,0.359,0.032,0,"5","TC2N"
0,4.25134119278093,0.49,0.04,0,"5","CD7"
0,4.22641542989385,0.445,0.043,0,"5","TBC1D10C"
0,4.21624525220983,0.384,0.031,0,"5","CD247"
0,4.14239498369431,0.73,0.109,0,"5","CD69"
0,4.02976935077833,0.784,0.106,0,"5","IL32"
1.06281744847848e-304,3.94066958247904,0.257,0.036,3.37561449811249e-300,"5","STAT4"
0,3.88667371870349,0.354,0.026,0,"5","GZMM"
0,3.82406088177519,0.517,0.091,0,"5","ACAP1"
0,3.80219825694496,0.544,0.035,0,"5","GZMA"
0,3.78591053856558,0.352,0.054,0,"5","TRAF3IP3"
0,3.77032520886381,0.713,0.077,0,"5","PTPRCAP"
1.74229257712343e-241,3.69265400711706,0.35,0.089,5.53369545420172e-237,"5","RCAN3"
4.27850763004197e-173,3.68237699569868,0.291,0.081,1.35889680837763e-168,"5","TNFRSF25"
0,4.79329003327749,0.656,0.062,0,"6","PTHLH"
0,4.73964328182164,0.306,0.014,0,"6","HS3ST5"
0,4.61195172486156,0.661,0.064,0,"6","TGFA"
0,4.44741961219793,0.461,0.029,0,"6","ESPN"
0,4.40434258124425,0.65,0.06,0,"6","AP000462.2"
0,4.10361569579762,0.413,0.046,0,"6","MT1L"
0,4.04648274915158,0.893,0.335,0,"6","VEGFA"
0,3.83482465380181,0.506,0.118,0,"6","OLFM1"
0,3.81406373372214,0.67,0.075,0,"6","L1CAM"
0,3.75524297160698,0.528,0.054,0,"6","SORCS3"
0,3.7066205092451,0.339,0.045,0,"6","AC007563.5"
0,3.59706957107184,0.63,0.07,0,"6","MAL"
0,3.54054135902922,0.474,0.053,0,"6","AZGP1"
9.24806714553221e-77,3.46921511829911,0.291,0.122,2.93727860609249e-72,"6","LOX"
0,3.4121709679093,0.926,0.279,0,"6","CADM1"
0,3.39849948235658,0.356,0.042,0,"6","RP11-130F10.1"
0,3.3958552845026,0.491,0.067,0,"6","PMP2"
0,3.38047252959149,0.518,0.057,0,"6","RP11-236F9.2"
9.32706781331328e-270,3.37482908648398,0.262,0.037,2.96237000818643e-265,"6","RP11-509E16.1"
0,3.3491742764682,0.429,0.068,0,"6","MIR210HG"
0,3.32136113253407,0.596,0.073,0,"6","RASGEF1C"
0,3.31727364140388,0.364,0.043,0,"6","CHMP1B2P"
2.35641931871917e-282,3.31671950902771,0.288,0.043,7.48422339818397e-278,"6","GRIN2C"
0,3.31559435830137,0.399,0.064,0,"6","ADSSL1"
0,3.3089846418304,0.609,0.073,0,"6","RP11-145O15.3"
2.40848941170508e-274,3.24891814057635,0.288,0.044,7.64960322051649e-270,"6","CST6"
0,3.24891149839638,0.872,0.303,0,"6","CXXC5"
0,3.23606966201491,0.569,0.08,0,"6","FOXD3"
0,3.22656145060883,0.462,0.072,0,"6","MT2P1"
0,3.1991969645284,0.57,0.115,0,"6","FAM19A5"
0,5.46957467227249,0.313,0.017,0,"7","POU2AF1"
0,5.31890365308755,0.322,0.017,0,"7","FCRL5"
0,4.8698017377011,0.373,0.026,0,"7","JSRP1"
0,4.78704831643502,0.458,0.048,0,"7","IGJ"
0,4.78703911789306,0.477,0.041,0,"7","MZB1"
0,4.71234048107633,0.393,0.051,0,"7","PIM2"
0,4.70235079073012,0.305,0.021,0,"7","CD79A"
0,4.68943741072336,0.389,0.039,0,"7","DERL3"
0,4.68067374176364,0.422,0.025,0,"7","RP11-731F5.2"
0,4.59019455746925,0.377,0.068,0,"7","SDC1"
2.74000592118527e-162,4.57147258053999,0.377,0.128,8.70253280627655e-158,"7","TP53INP1"
0,4.31209901005371,0.37,0.06,0,"7","SPAG4"
0,4.22227651486148,0.303,0.034,0,"7","ZBP1"
5.34137729597244e-294,4.05950917399113,0.267,0.035,1.69647484297381e-289,"7","SLAMF7"
1.57575090712186e-63,4.02288793375123,0.516,0.463,5.00474245610972e-59,"7","XBP1"
1.53540650410683e-164,3.99968509542147,0.318,0.088,4.87660459769372e-160,"7","PTP4A3"
7.04742917799414e-216,3.9890488266856,0.365,0.093,2.23833398122272e-211,"7","SEL1L3"
8.15983140510001e-314,3.94518275882693,0.313,0.046,2.59164405257381e-309,"7","HSH2D"
1.08359149466655e-190,3.85360903008162,0.455,0.169,3.44159494621043e-186,"7","FKBP11"
2.89429492691495e-253,3.79174639839121,0.374,0.084,9.19257011737458e-249,"7","FAM46C"
2.43501691741734e-99,3.68392317686289,0.29,0.107,7.73385723140921e-95,"7","RAB30"
2.64199707798614e-94,3.56009026995469,0.656,0.713,8.39124691939178e-90,"7","SSR4"
6.65708270678944e-230,3.4848608085437,0.432,0.119,2.11435603850339e-225,"7","XIST"
5.02653866430772e-128,3.30736872691615,0.298,0.092,1.59647894517078e-123,"7","IL16"
1.00079202120498e-135,3.25339695209637,0.291,0.085,3.17861553854914e-131,"7","CD38"
2.08331093143296e-49,3.21895395881102,0.4,0.29,6.61680384932424e-45,"7","CPEB4"
1.14051456561615e-69,3.19145130603995,0.443,0.308,3.62238831185346e-65,"7","SEC11C"
1.75906093854824e-176,3.11661985824929,0.25,0.049,5.58695344692308e-172,"7","SYTL1"
1.37077515616955e-123,3.10904941798348,0.429,0.197,4.35371897351012e-119,"7","ISG20"
2.73124431732444e-78,3.02929411446588,0.331,0.156,8.67470507625414e-74,"7","PDK1"
0,5.90457413422393,0.509,0.011,0,"8","KCNJ6"
0,4.97584669717611,0.76,0.038,0,"8","CHRM3"
0,4.88581421171356,0.761,0.037,0,"8","KIAA1244"
0,4.86185667048811,0.683,0.023,0,"8","DNAH11"
0,4.83404914781869,0.551,0.043,0,"8","GPC5"
0,4.75100452091078,0.533,0.026,0,"8","RPS5P2"
0,4.61468811374418,0.302,0.007,0,"8","CA9"
0,4.57725753960615,0.639,0.041,0,"8","NPFFR2"
0,4.47720327401818,0.772,0.049,0,"8","RP11-486O13.4"
0,4.46522236476108,0.256,0.012,0,"8","MAP3K19"
0,4.42899309955718,0.623,0.039,0,"8","PCSK6"
0,4.38897982841681,0.274,0.01,0,"8","TOX3"
0,4.38609887075122,0.825,0.061,0,"8","ZMAT4"
0,4.33918507234686,0.383,0.013,0,"8","RIMKLA"
0,4.33539228039604,0.396,0.025,0,"8","KCNH1"
0,4.291017928848,0.817,0.078,0,"8","AP000320.7"
0,4.23555190338441,0.843,0.107,0,"8","SDK1"
0,4.187934996214,0.334,0.015,0,"8","TSNAX-DISC1"
0,4.18382330630035,0.793,0.076,0,"8","SCG2"
0,4.16468248254422,0.316,0.015,0,"8","PPAPDC1A"
0,4.12802449285828,0.473,0.024,0,"8","SLC8A3"
0,4.09959186284921,0.336,0.024,0,"8","C15orf26"
0,4.08204113197493,0.566,0.026,0,"8","STC2"
0,4.06537510513048,0.755,0.064,0,"8","UNC5D"
0,4.04130972116921,0.293,0.02,0,"8","SLC35F3"
0,3.98599645971812,0.327,0.016,0,"8","ARMC3"
0,3.9337376267348,0.309,0.017,0,"8","PPARGC1A"
0,3.90775596109278,0.509,0.044,0,"8","LIMS3.1"
0,3.90721129574147,0.317,0.016,0,"8","ST6GAL2"
0,3.89642979312954,0.462,0.025,0,"8","EEF1A2"
0,5.59471883441487,0.535,0.021,0,"9","CCL3L3"
0,5.56506350489161,0.421,0.012,0,"9","CCL4L1"
0,5.5525989334946,0.276,0.01,0,"9","RP11-1080G15.1"
0,5.01103408448192,0.363,0.011,0,"9","IL1A"
0,4.99789468777733,0.416,0.022,0,"9","KB-1507C5.4"
0,4.88804645239724,0.95,0.201,0,"9","CCL3"
0,4.85114111233573,0.626,0.066,0,"9","CXCL3"
0,4.82735993588623,0.332,0.023,0,"9","KMO"
0,4.77826333081068,0.813,0.069,0,"9","IL1B"
0,4.6131247027219,0.884,0.175,0,"9","CCL4"
0,4.39307952704112,0.261,0.017,0,"9","SLC37A2"
0,4.36963738815784,0.933,0.137,0,"9","IL8"
0,4.36032882506216,0.358,0.043,0,"9","CH25H"
0,4.25159766738058,0.748,0.059,0,"9","OLR1"
0,4.16435653849724,0.494,0.072,0,"9","IRAK2"
0,4.12393513952603,0.697,0.115,0,"9","CXCL2"
0,4.03226188386444,0.41,0.022,0,"9","GPR84"
0,4.0268849235547,0.974,0.187,0,"9","CD83"
0,4.02453097250694,0.741,0.074,0,"9","TNF"
0,3.97897328751825,0.276,0.026,0,"9","CCL8"
0,3.97376727152785,0.82,0.082,0,"9","BCL2A1"
0,3.94066059851011,0.644,0.049,0,"9","NLRP3"
2.31879626924734e-226,3.89171888584805,0.377,0.077,7.36472883075649e-222,"9","MIR155HG"
0,3.88928383930518,0.738,0.169,0,"9","OTUD1"
0,3.87106524255745,0.422,0.038,0,"9","LUCAT1"
0,3.85275238598407,0.266,0.02,0,"9","IL10"
0,3.83756812103321,0.691,0.197,0,"9","GBP2"
0,3.78638245552079,0.276,0.02,0,"9","CCL4L2"
0,3.73702945887621,0.704,0.093,0,"9","RBM47"
0,3.71883340322492,0.319,0.028,0,"9","RP11-556E13.1"
0,5.34384018365536,0.357,0.01,0,"10","CTB-178M22.1"
0,4.89448250238249,0.783,0.034,0,"10","SULT1E1"
0,4.84812928133062,0.346,0.012,0,"10","RP11-461O7.1"
0,4.77559969752994,0.755,0.042,0,"10","RP4-678D15.1"
0,4.39603998818207,0.662,0.022,0,"10","COL26A1"
0,4.33094543756536,0.423,0.023,0,"10","CYP1B1-AS1"
0,4.32033417395917,0.408,0.016,0,"10","PCP4"
0,4.24884217252709,0.917,0.115,0,"10","ROBO2"
0,4.21090225508004,0.639,0.043,0,"10","NDST4"
0,4.20940865616512,0.351,0.022,0,"10","KCNB2"
0,4.10843358189213,0.384,0.02,0,"10","CCDC129"
0,4.10614296390012,0.586,0.037,0,"10","ZEB1-AS1"
0,4.07224444580045,0.778,0.079,0,"10","COL25A1"
0,4.07196217441938,0.424,0.03,0,"10","GRIN2B"
0,4.0638370327362,0.949,0.158,0,"10","TENM2"
0,4.06114514302939,0.445,0.022,0,"10","RP11-17A1.3"
0,4.00932849866697,0.746,0.055,0,"10","KCNIP1"
0,4.00334000428662,0.268,0.015,0,"10","LINC01122"
0,3.99074484337168,0.615,0.032,0,"10","AC007796.1"
0,3.93454362432346,0.914,0.168,0,"10","NLGN1"
0,3.92984071522452,0.305,0.011,0,"10","PRMT8"
0,3.91194118100629,0.255,0.019,0,"10","MIR3648"
0,3.89292884415335,0.333,0.012,0,"10","AP000697.6"
0,3.88645850131217,0.534,0.033,0,"10","AC026188.1"
0,3.88265770283975,0.306,0.016,0,"10","RP13-578N3.3"
0,3.84366108299762,0.251,0.012,0,"10","GRIN3B"
0,3.8272853903204,0.384,0.026,0,"10","ATRNL1"
0,3.81892758096456,0.378,0.017,0,"10","VSTM2L"
0,3.78184573743111,0.688,0.048,0,"10","RP11-125B21.2"
0,3.76489477840058,0.271,0.012,0,"10","FBN3"
0,5.62641510610658,0.293,0.006,0,"11","CLDN10-AS1"
0,5.29173371925561,0.672,0.029,0,"11","GAL3ST1"
0,5.26549227366408,0.544,0.065,0,"11","MPZ"
0,5.04846473004092,0.601,0.023,0,"11","GRIA2"
0,5.01757850142926,0.392,0.012,0,"11","ANO3"
0,5.00017948965615,0.388,0.013,0,"11","KLK6"
0,4.92935112346126,0.684,0.037,0,"11","ACPP"
0,4.87075628642295,0.704,0.043,0,"11","SHH"
0,4.75438554636196,0.929,0.123,0,"11","LPL"
0,4.70108022271482,0.255,0.012,0,"11","RP11-77K12.4"
0,4.66927994158881,0.971,0.374,0,"11","SERPINE2"
0,4.66475853766295,0.398,0.015,0,"11","RP11-267C16.1"
0,4.53859636325817,0.261,0.013,0,"11","GLDC"
0,4.52787495267567,0.979,0.151,0,"11","CAPS"
0,4.49652078675339,0.375,0.028,0,"11","NKAIN2"
0,4.49128217881308,0.273,0.014,0,"11","CLDN19"
0,4.47319618616911,0.554,0.026,0,"11","DGUOK-AS1"
0,4.38726223405196,0.256,0.011,0,"11","GPR37L1"
0,4.33655071231665,0.568,0.037,0,"11","PLLP"
0,4.33257196295167,0.751,0.048,0,"11","TMEM132B"
0,4.31400859430677,0.701,0.049,0,"11","STON2"
0,4.22974545034165,0.944,0.115,0,"11","GAP43"
0,4.1880475270421,0.998,0.238,0,"11","S100B"
0,4.18598108332088,0.704,0.043,0,"11","DHH"
0,4.18206934387366,0.444,0.045,0,"11","NDST3"
0,4.11221437055497,0.634,0.034,0,"11","EXTL1"
0,4.10076497679114,0.815,0.068,0,"11","KLHDC8A"
0,4.09697338748209,0.778,0.081,0,"11","GRIK2"
0,4.09468664758963,0.866,0.123,0,"11","TRPM3"
0,4.05210271386884,0.515,0.031,0,"11","RXRG"
0,5.92020130183985,0.57,0.012,0,"12","GFRA3"
0,5.75500256742781,0.348,0.005,0,"12","GJB6"
0,5.49566167492365,0.32,0.008,0,"12","MYOT"
0,5.27242584571849,0.312,0.006,0,"12","PCSK2"
0,4.81785563142706,0.801,0.048,0,"12","XKR4"
0,4.79474780957937,0.78,0.09,0,"12","NOV"
0,4.7723813142216,0.426,0.013,0,"12","RP11-176N18.2"
0,4.53004998753675,0.259,0.007,0,"12","GPR17"
0,4.52831441690851,0.581,0.024,0,"12","ABCB5"
0,4.52723785198334,0.993,0.21,0,"12","CRYAB"
0,4.46163690882621,0.287,0.013,0,"12","BTC"
0,4.41314859525007,0.776,0.101,0,"12","SEMA3B"
0,4.36272429846876,0.676,0.043,0,"12","RSPO3"
0,4.29961153964714,0.279,0.012,0,"12","RP11-15J10.8"
0,4.20689947232889,0.278,0.012,0,"12","SLITRK2"
0,4.19087950577648,0.293,0.018,0,"12","DCSTAMP"
0,4.19019345425482,0.318,0.017,0,"12","PTPRQ"
0,4.13322863728128,0.627,0.046,0,"12","KCNS3"
0,4.05900974380383,0.287,0.01,0,"12","GALR1"
0,4.01015251031824,0.796,0.099,0,"12","DIRAS3"
0,3.99359071663209,0.653,0.032,0,"12","INSC"
0,3.96098775482483,0.559,0.06,0,"12","GJB2"
0,3.95058357632537,0.88,0.079,0,"12","FOXD3"
0,3.87701281120254,0.981,0.168,0,"12","NRXN1"
0,3.83808166316999,0.34,0.02,0,"12","RP11-599J14.2"
0,3.83020779722473,0.618,0.041,0,"12","LGI1"
0,3.82714214787042,0.997,0.204,0,"12","GPM6B"
0,3.79202878475451,0.639,0.067,0,"12","CADM2"
0,3.78331441939308,0.729,0.051,0,"12","ERBB3"
0,3.7669314852341,0.457,0.031,0,"12","FAM181B"
4.86016775020535e-204,3.71441913158961,0.412,0.089,1.54363787914272e-199,"13","TREM2"
5.50788107799103e-78,3.67618065691495,0.415,0.189,1.74935810918073e-73,"13","SPP1"
1.72901100807381e-104,3.64634933631608,0.326,0.098,5.49151186274322e-100,"13","HLA-DRB6"
0,3.60761991370954,0.904,0.183,0,"13","C1QB"
2.88270552030349e-43,3.5717548953852,0.373,0.232,9.15576100303591e-39,"13","FTLP3"
0,3.56573390788008,0.91,0.168,0,"13","C1QC"
0,3.50489330693735,0.921,0.202,0,"13","C1QA"
1.20616312084936e-238,3.50278218646339,0.565,0.155,3.83089468812966e-234,"13","APOC1"
2.16236313628992e-188,3.44220556059348,0.401,0.089,6.86788155717041e-184,"13","GPR34"
2.34744022334493e-204,3.4073697786724,0.829,0.519,7.45570489336584e-200,"13","APOE"
6.62165168108041e-250,3.36556821432598,0.509,0.116,2.10310279042795e-245,"13","VSIG4"
0,3.3632434562525,0.59,0.105,0,"13","FOLR2"
2.12047591635193e-100,3.31484840362367,0.312,0.09,6.73484355792536e-96,"13","IGSF6"
0,3.26350777357145,0.655,0.145,0,"13","FCGR3A"
3.20122843946862e-161,3.23724818311278,0.439,0.123,1.01674216465963e-156,"13","LY86"
1.38803132729105e-273,3.23274593440496,0.565,0.133,4.40852629860909e-269,"13","F13A1"
1.38942443760816e-92,3.12412457243129,0.486,0.229,4.41295095628727e-88,"13","RNASE1"
0,3.10575630908306,0.807,0.22,0,"13","CD14"
7.1638448332723e-260,3.08292021815121,0.587,0.152,2.27530875749562e-255,"13","CSF1R"
0,3.07820296069228,0.859,0.211,0,"13","FCER1G"
0,3.06081816745569,0.993,0.439,0,"13","HLA-DRA"
4.5408523690236e-82,3.03160636215837,0.28,0.085,1.44222012092559e-77,"13","FCGR1A"
1.6849716837998e-135,3.03093855707255,0.637,0.343,5.35163856491655e-131,"13","PLTP"
6.62418542245681e-127,3.00658369405433,0.468,0.168,2.10390753202651e-122,"13","STAB1"
1.3245890664462e-243,3.00003846023723,0.524,0.123,4.20702733393977e-239,"13","MS4A4A"
9.96577725068339e-225,2.98552640460302,0.488,0.113,3.16523051258955e-220,"13","CD163"
4.47615904016333e-152,2.97095535958371,0.404,0.107,1.42167287274627e-147,"13","SLCO2B1"
1.89579712409193e-80,2.94969676770066,0.269,0.08,6.02124124582838e-76,"13","PLD4"
4.08300622524175e-65,2.94597683870933,0.257,0.085,1.29680360719903e-60,"13","CCR1"
0,2.93659897627796,0.956,0.431,0,"13","HLA-DPA1"
0,8.18436151412198,0.447,0.011,0,"14","DARC"
0,7.65442354228204,0.345,0.002,0,"14","SELP"
0,7.0567450003211,0.292,0.003,0,"14","CCL14"
0,6.96976880900824,0.473,0.014,0,"14","RYR2"
0,6.9481946032113,0.403,0.007,0,"14","SLCO2A1"
0,6.93800425039474,0.274,0.006,0,"14","RP11-563P16.1"
0,6.74936183981395,0.654,0.021,0,"14","RAMP3"
0,6.63816811504875,0.996,0.065,0,"14","VWF"
0,6.62510932934004,0.472,0.008,0,"14","MMRN1"
0,6.60214352766034,0.275,0.004,0,"14","AC010084.1"
0,6.60157579485334,0.887,0.023,0,"14","PLVAP"
0,6.572041429859,0.286,0.004,0,"14","AC079305.11"
0,6.4377142447964,0.504,0.009,0,"14","VEGFC"
0,6.33006184350959,0.825,0.019,0,"14","MMRN2"
0,6.32998790683832,0.795,0.095,0,"14","FLT1"
0,6.32377001777982,0.701,0.012,0,"14","MPZL2"
0,6.00554951573745,0.675,0.065,0,"14","ANGPT2"
0,5.9439239734155,0.437,0.009,0,"14","FAM110D"
4.76144203956444e-314,5.90364156111944,0.437,0.068,1.51228160618606e-309,"14","ESM1"
0,5.85815130433061,0.86,0.018,0,"14","CXorf36"
0,5.84121653089195,0.883,0.041,0,"14","CLEC14A"
0,5.8387158856901,0.704,0.019,0,"14","TM4SF18"
0,5.83212439727142,0.711,0.026,0,"14","NOSTRIN"
0,5.82951051576772,0.524,0.016,0,"14","DLL4"
0,5.82711563727779,0.453,0.047,0,"14","ANO2"
0,5.80956452924755,0.566,0.015,0,"14","FAM167B"
0,5.79327112534233,0.695,0.019,0,"14","PODXL"
0,5.75229468035626,0.55,0.026,0,"14","EDN1"
0,5.72110449655602,0.409,0.019,0,"14","C2CD4B"
0,5.70485095783535,0.503,0.009,0,"14","ARHGEF15"
0,7.92662418768935,0.411,0.003,0,"15","CD1E"
0,7.3836435302663,0.654,0.01,0,"15","CD1C"
0,6.03679702740363,0.795,0.042,0,"15","FCER1A"
0,5.6855940923708,0.489,0.017,0,"15","IL1R2"
0,4.9198724467188,0.609,0.028,0,"15","LGALS2"
0,4.75454793007124,0.735,0.057,0,"15","CLEC10A"
0,4.51285734210168,0.477,0.034,0,"15","AGPAT9"
0,4.48181432279951,0.477,0.023,0,"15","CFP"
0,4.29875063763072,0.262,0.013,0,"15","SPIB"
0,4.10926919033224,0.301,0.021,0,"15","FLT3"
0,4.0884646185494,0.349,0.028,0,"15","AREG"
2.47080442925393e-261,4.06968729163269,0.272,0.025,7.84752194775341e-257,"15","MS4A4E"
0,3.87581279122941,0.346,0.027,0,"15","HLA-DQB2"
0,3.82026565872184,0.985,0.221,0,"15","HLA-DQB1"
0,3.77061234398722,0.461,0.049,0,"15","C15orf48"
0,3.66978808137542,0.301,0.023,0,"15","CD300LB"
0,3.53427096219437,0.539,0.055,0,"15","DAPP1"
0,3.46177852035625,0.997,0.425,0,"15","HLA-DPB1"
0,3.37536716564383,0.78,0.094,0,"15","AMICA1"
1.24735745879419e-128,3.37480605871311,0.252,0.042,3.96173202487622e-124,"15","WDFY4"
0,3.36731512276314,0.99,0.227,0,"15","HLA-DQA1"
0,3.33562730005274,0.78,0.105,0,"15","CSF2RA"
1.09801011251563e-261,3.31244979445917,0.467,0.076,3.48738991836091e-257,"15","NRARP"
1.46744783457058e-266,3.29031073338944,0.287,0.027,4.66076106737962e-262,"15","MCOLN2"
0,3.22898377154609,0.907,0.139,0,"15","C1orf162"
9.8352705439208e-115,3.17448204879143,0.284,0.059,3.12378027745469e-110,"15","CCSER1"
0,3.14014181021,0.997,0.433,0,"15","HLA-DPA1"
0,3.13184102759948,0.487,0.053,0,"15","RGS18"
0,3.13120655264082,0.609,0.091,0,"15","IFI30"
7.36311686084461e-315,3.12330519083485,0.476,0.065,2.33859954617286e-310,"15","CIITA"
0,8.02211443781056,0.334,0.002,0,"16","HJURP"
0,7.93610175113619,0.25,0.002,0,"16","KIF20A"
0,7.70777118039076,0.433,0.004,0,"16","DLGAP5"
0,7.63284829853957,0.661,0.009,0,"16","UBE2C"
0,7.57667387111321,0.799,0.021,0,"16","TOP2A"
0,7.5388957362327,0.302,0.002,0,"16","KIF18B"
0,7.31905928349648,0.563,0.009,0,"16","ASPM"
0,7.28380157654997,0.707,0.01,0,"16","MKI67"
0,7.21626786624573,0.659,0.008,0,"16","BIRC5"
0,7.15949596654846,0.384,0.004,0,"16","TROAP"
0,7.15262451141419,0.544,0.006,0,"16","NCAPG"
0,7.12109095013861,0.472,0.008,0,"16","CCNB2"
0,7.06582780504496,0.508,0.006,0,"16","RRM2"
0,7.03498626659125,0.46,0.008,0,"16","HMMR"
0,7.03408631929625,0.51,0.01,0,"16","DIAPH3"
0,7.00784448182001,0.385,0.005,0,"16","CDCA3"
0,7.00097606672464,0.304,0.003,0,"16","HIST1H3B"
0,7.00059333968931,0.558,0.007,0,"16","AURKB"
0,6.99568737047138,0.556,0.011,0,"16","ANLN"
0,6.96275752133881,0.638,0.017,0,"16","TPX2"
0,6.84839686813297,0.27,0.003,0,"16","FAM64A"
0,6.79837750473347,0.266,0.003,0,"16","NMU"
0,6.72768768142036,0.474,0.009,0,"16","SPC25"
0,6.71505512778247,0.563,0.012,0,"16","NUF2"
0,6.69407857415971,0.405,0.005,0,"16","SGOL1"
0,6.68315119089481,0.355,0.007,0,"16","CDC20"
0,6.67877368238417,0.607,0.012,0,"16","CDK1"
0,6.67622815573853,0.35,0.004,0,"16","DEPDC1"
0,6.60656062013976,0.815,0.025,0,"16","KIAA0101"
0,6.60225383173345,0.323,0.005,0,"16","BUB1B"
0,9.70148952289799,0.429,0.001,0,"17","FHL5"
0,8.73770644599011,0.31,0.002,0,"17","MYOCD"
0,8.14710670195033,0.575,0.009,0,"17","HIGD1B"
0,7.45541520397322,0.539,0.007,0,"17","COX4I2"
0,7.35107972117933,0.301,0.005,0,"17","ACTG2"
0,7.33081416203008,0.338,0.005,0,"17","PLN"
0,7.10247481556855,0.614,0.026,0,"17","MYH11"
0,6.69622183093321,0.861,0.074,0,"17","RGS5"
0,6.40777109242027,0.495,0.014,0,"17","TRPC6"
0,6.3435482956046,0.454,0.013,0,"17","SLC38A11"
0,6.00417397580891,0.294,0.009,0,"17","TRPC4"
0,5.89727125311036,0.829,0.21,0,"17","ACTA2"
0,5.83271161529298,0.454,0.023,0,"17","KCNAB1"
0,5.81715634201421,0.47,0.014,0,"17","LMOD1"
0,5.73078812650048,0.29,0.01,0,"17","TMEM74B"
0,5.71692841309298,0.333,0.011,0,"17","ACAN"
0,5.5082493310638,0.27,0.012,0,"17","RP11-756G12.1"
0,5.47623946080074,0.379,0.018,0,"17","CNN1"
0,5.46727314994491,0.409,0.018,0,"17","MRVI1"
0,5.35460296291955,0.258,0.009,0,"17","SGCA"
0,5.23793725307833,0.557,0.027,0,"17","PARM1"
0,5.19896313429613,0.361,0.014,0,"17","SEMA5B"
0,5.1846995381813,0.589,0.038,0,"17","SEPT4"
0,5.01294496147797,0.498,0.05,0,"17","CHSY3"
0,4.93374177558927,0.548,0.014,0,"17","GJA4"
0,4.92858868284385,0.351,0.022,0,"17","TEX41"
0,4.91834398933522,0.525,0.046,0,"17","KCNJ8"
0,4.88397400531523,0.607,0.035,0,"17","GUCY1A3"
0,4.86888852495716,0.861,0.225,0,"17","TAGLN"
0,4.82994829855778,0.746,0.093,0,"17","PPP1R14A"
0,7.22141291431533,0.291,0.005,0,"18","XCL2"
0,7.13399328635048,0.424,0.005,0,"18","GZMH"
0,7.00565866484277,0.271,0.014,0,"18","GNLY"
0,6.89097821072644,0.862,0.03,0,"18","NKG7"
0,6.43429681748047,0.255,0.005,0,"18","KLRC1"
0,6.09841090239693,0.833,0.037,0,"18","GZMK"
0,5.99401129252085,0.366,0.01,0,"18","PRF1"
0,5.85902724028483,0.284,0.014,0,"18","CRTAM"
0,5.85750736252478,0.391,0.007,0,"18","IFNG"
0,5.73123873318718,0.346,0.015,0,"18","CD8B"
0,5.71521250295218,0.287,0.006,0,"18","DTHD1"
1.04082966152465e-294,5.71063462828038,0.307,0.027,3.30577908796843e-290,"18","KLRD1"
0,5.67252958974097,0.364,0.027,0,"18","XCL1"
0,5.5523177473783,0.451,0.019,0,"18","CD8A"
0,5.49384031805207,0.709,0.031,0,"18","CTSW"
0,5.41587528314546,0.323,0.01,0,"18","TIGIT"
0,5.32809439910655,0.939,0.072,0,"18","CCL5"
0,5.3226901942196,0.847,0.055,0,"18","CST7"
0,5.31719221337084,0.321,0.012,0,"18","IL2RB"
0,5.17898206736199,0.871,0.044,0,"18","GZMA"
0,4.97380530301359,0.551,0.033,0,"18","GZMM"
0,4.77523415677156,0.269,0.013,0,"18","THEMIS"
0,4.74533357410494,0.348,0.023,0,"18","MATK"
0,4.66205178131003,0.33,0.022,0,"18","CCDC64"
0,4.41442777748279,0.425,0.032,0,"18","CD27"
0,4.35307086250492,0.564,0.054,0,"18","CD7"
0,4.34909815549047,0.542,0.049,0,"18","SAMD3"
0,4.33383988222691,0.508,0.04,0,"18","CD247"
0,4.23809514264742,0.289,0.02,0,"18","ICOS"
1.61432566554152e-271,4.19205667433717,0.368,0.044,5.12725974632643e-267,"18","RHOH"
0,9.03513413335764,0.3,0.002,0,"19","S100A12"
0,7.64960066995704,0.664,0.022,0,"19","S100A8"
0,7.30959930280258,0.373,0.007,0,"19","APOBEC3A"
0,6.91431300909998,0.893,0.021,0,"19","FCN1"
0,6.63907214973622,0.308,0.006,0,"19","AQP9"
0,6.31601568554237,0.623,0.015,0,"19","CD300E"
0,6.16639748312773,0.493,0.014,0,"19","LILRA5"
0,6.13765960261897,0.829,0.075,0,"19","S100A9"
0,5.75816820851634,0.266,0.01,0,"19","RETN"
0,5.68335009219546,0.488,0.042,0,"19","EREG"
0,5.26650541514122,0.415,0.018,0,"19","RP11-290F20.3"
0,4.9427304434342,0.996,0.211,0,"19","LYZ"
0,4.89997037296037,0.572,0.024,0,"19","CFP"
3.06215529219618e-103,4.65105995993484,0.325,0.072,9.7257114235443e-99,"19","G0S2"
0,4.62684758035282,0.548,0.033,0,"19","FGR"
0,4.54783677990832,0.591,0.031,0,"19","LGALS2"
0,4.49977407973059,0.912,0.096,0,"19","SERPINA1"
0,4.32709648649067,0.734,0.097,0,"19","BCL2A1"
0,4.24475581727564,0.681,0.086,0,"19","IL1B"
0,4.18803130863243,0.467,0.034,0,"19","IL1RN"
4.81065187303969e-183,4.08863224854949,0.251,0.025,1.52791114139614e-178,"19","IL10"
0,4.07918950951086,0.486,0.047,0,"19","CLEC12A"
0,4.04700721073061,0.368,0.023,0,"19","CD300LB"
0,4.02788476763221,0.567,0.04,0,"19","CLEC4E"
0,3.90748064913719,0.737,0.081,0,"19","CSTA"
0,3.90662065481537,0.627,0.05,0,"19","LILRB2"
4.48835460319803e-180,3.84725519453096,0.253,0.025,1.42554630552173e-175,"19","CCL3L1"
0,3.83399755614899,0.567,0.059,0,"19","RP11-1143G9.4"
0,3.82724557461527,0.642,0.066,0,"19","CSF3R"
0,3.77665221879795,0.544,0.064,0,"19","ASGR1"
6.99788812468186e-54,3.39310647598089,0.458,0.222,2.22259924728021e-49,"20","RPL13AP5"
2.75286274980007e-30,3.10052648655679,0.371,0.203,8.74336737963999e-26,"20","RP11-436H11.1"
1.14011177267252e-28,3.09083328027153,0.366,0.205,3.62110900118518e-24,"20","RP11-592N21.1"
9.58527644094599e-26,3.0413066499389,0.381,0.234,3.04437965040885e-21,"20","RBP1"
8.581637943007e-35,2.89286827080471,0.408,0.225,2.72561402707845e-30,"20","RPS7P10"
3.14565268265581e-31,2.85955708330617,0.323,0.147,9.99090748538312e-27,"20","KRT18"
2.52865230900964e-43,2.79440238087425,0.468,0.261,8.03125259864553e-39,"20","RPS7P1"
4.55811207627368e-06,2.77703542241164,0.254,0.203,0.144770197654528,"20","NT5DC2"
2.56726915985328e-08,2.77218044732984,0.251,0.184,0.000815390357861001,"20","NACA3P"
1.31928331396995e-96,2.76906561115073,0.654,0.314,4.19017573349996e-92,"20","RP11-234A1.1"
9.06754625805975e-24,2.6993090561774,0.373,0.234,2.87994336702236e-19,"20","RP11-215A21.2"
1.41768153852956e-87,2.69636792693156,0.634,0.312,4.50269833452374e-83,"20","RP11-864N7.2"
1.36710279781783e-83,2.64752102081227,0.632,0.318,4.34205519614919e-79,"20","AC016739.2"
2.01713734834706e-31,2.63428212164741,0.423,0.258,6.4066299320851e-27,"20","RP11-51O6.1"
1.67310325147672e-63,2.53792442547832,0.567,0.305,5.31394323701522e-59,"20","AC004453.8"
2.65721322798993e-07,2.51655585614627,0.308,0.265,0.00843957493341881,"20","STEAP1B"
4.35550363989932e-31,2.50879102110046,0.423,0.254,1.38335151106842e-26,"20","MIR4426"
7.11485005984433e-28,2.50745933983714,0.413,0.258,2.25974752750716e-23,"20","FAM211A-AS1"
1.77945161987271e-40,2.49509384244882,0.483,0.289,5.6517162898777e-36,"20","AC007969.5"
4.16663413850379e-66,2.48405967597424,0.687,0.439,1.32336466873019e-61,"20","IGFBP2"
1.07478690351769e-91,2.46394802427806,0.657,0.326,3.41363068426252e-87,"20","RPL13P12"
1.95238304725899e-40,2.4407054727365,0.592,0.458,6.20096379639928e-36,"20","CHCHD3"
1.15038746236318e-49,2.43956590099098,0.517,0.293,3.6537456192117e-45,"20","RP11-742N3.1"
4.46066763646828e-11,2.43664116569258,0.301,0.218,1.41675264801869e-06,"20","RPL7P9"
3.60845434307698e-47,2.42080837251106,0.512,0.294,1.14608118390468e-42,"20","RP11-889L3.1"
8.25851299783691e-18,2.39321002785415,0.356,0.241,2.62298631324298e-13,"20","RP11-367G18.2"
7.08532124491881e-46,2.38990860934544,0.505,0.292,2.25036888059866e-41,"20","RP11-12M9.3"
7.52814103988116e-08,2.30145224540602,0.286,0.229,0.00239101287567665,"20","RPL14P1"
7.58994361614841e-12,2.29876660238459,0.43,0.395,2.4106419919249e-07,"20","FSCN1"
9.90342175369298e-21,2.28492004308581,0.388,0.263,3.14542578319043e-16,"20","RPL6P27"
0,5.48832335930367,0.744,0.091,0,"21","KIRREL3"
1.93414907017177e-266,4.79717796464813,0.52,0.066,6.14305086177255e-262,"21","XKR4"
1.39047859102977e-318,4.7829739743752,0.684,0.103,4.41629905296965e-314,"21","TMEM178B"
5.44711740785358e-236,4.64359474053755,0.523,0.075,1.73005895990838e-231,"21","HS3ST4"
1.6762574236476e-185,4.59818677311252,0.469,0.076,5.32396120324714e-181,"21","PRDM16"
0,4.48351473429027,0.94,0.182,0,"21","NRXN1"
1.32849031709186e-152,4.47508293699514,0.311,0.038,4.21941809611544e-148,"21","ABCB5"
7.39780044178038e-112,4.36359860473018,0.354,0.067,2.34961539831387e-107,"21","FMN2"
4.39005400715097e-192,4.35987842210875,0.54,0.099,1.39432505321122e-187,"21","DGKB"
1.90302784136373e-93,4.29343344156605,0.278,0.048,6.04420672695533e-89,"21","INSC"
6.84573496302878e-106,4.19027078036165,0.395,0.087,2.17427388160757e-101,"21","NCAM2"
4.86253864324435e-98,4.17772876035289,0.3,0.054,1.54439089848084e-93,"21","RP11-130F10.1"
2.85414959660655e-228,4.15627423155773,0.55,0.085,9.06506453378207e-224,"21","ALK"
7.76706610506859e-118,4.13912740289046,0.343,0.059,2.46689786563083e-113,"21","C10orf90"
1.04710087454707e-119,4.13115755344786,0.401,0.081,3.32569708764895e-115,"21","CADM2"
9.40508209431833e-132,4.12640877877658,0.501,0.119,2.98714812397644e-127,"21","PAPPA"
6.8198936229152e-202,4.07369813011131,0.681,0.162,2.1660664135741e-197,"21","LINC00511"
4.67292095282882e-175,4.05610909490453,0.55,0.114,1.48416642382796e-170,"21","SORCS1"
1.23253068023738e-169,4.05501130496352,0.564,0.123,3.91464069350194e-165,"21","RP11-141M1.3"
3.24920737646872e-67,4.0534143687621,0.264,0.058,1.03198075484023e-62,"21","RP1-34H18.1"
9.60276744610886e-245,4.03256614589909,0.692,0.137,3.04993496855863e-240,"21","SLC35F1"
6.45528327147544e-97,4.01165230243012,0.349,0.073,2.05026251985332e-92,"21","SORCS3"
6.04552784720863e-256,3.95769989989394,0.76,0.159,1.92012009955193e-251,"21","BAI3"
1.4729592050627e-230,3.94039019043391,0.744,0.174,4.67826573119964e-226,"21","IL1RAPL1"
2.5531187672128e-244,3.93669013275304,0.738,0.158,8.10896051654456e-240,"21","AKAP6"
1.76633846858015e-211,3.91144844459146,0.869,0.332,5.61006761005741e-207,"21","SH3PXD2A"
2.85592952494542e-134,3.90355754666818,0.561,0.151,9.07071776417913e-130,"21","FIGN"
1.88037728290848e-61,3.89979859737672,0.286,0.071,5.97226628824561e-57,"21","GRIK3"
2.94373585839686e-107,3.88834621882577,0.458,0.118,9.34959945985426e-103,"21","STOX2"
9.84262326095254e-291,3.82397139049718,0.978,0.301,3.12611557391114e-286,"21","CADM1"
0,5.02013649967253,0.357,0.011,0,"22","FAM92B"
0,4.9547876770986,0.321,0.018,0,"22","ZNF296"
0,4.95360121468838,0.819,0.032,0,"22","RP11-731F5.2"
0,4.93337505263324,0.36,0.011,0,"22","PKHD1L1"
0,4.81494761975063,0.297,0.007,0,"22","CH17-132F21.1"
0,4.75130151251139,0.679,0.024,0,"22","CD79A"
0,4.74424298435739,0.486,0.016,0,"22","TNFRSF17"
0,4.74095758025689,0.841,0.055,0,"22","IGJ"
0,4.7380092262099,0.849,0.049,0,"22","MZB1"
0,4.7084851521736,0.396,0.014,0,"22","PNOC"
0,4.61798249502715,0.725,0.032,0,"22","JSRP1"
0,4.59648314309533,0.28,0.01,0,"22","AMPD1"
0,4.55256106868126,0.799,0.063,0,"22","SPAG4"
0,4.51578289498174,0.277,0.012,0,"22","LINC00582"
1.87182629387033e-162,4.49626540644569,0.327,0.04,5.94510749196156e-158,"22","HIST1H2BJ"
0,4.48794274428697,0.354,0.019,0,"22","RP11-290F5.1"
5.60202309529907e-302,4.46946529738738,0.272,0.014,1.77925855529794e-297,"22","CLDN14"
0,4.44935136637516,0.426,0.013,0,"22","FCRL2"
0,4.4437509226049,0.484,0.016,0,"22","RP11-16E12.2"
0,4.42520096241195,0.25,0.008,0,"22","TAS1R3"
0,4.39681368013118,0.783,0.044,0,"22","DERL3"
0,4.35859843739895,0.297,0.011,0,"22","RP11-685N3.1"
6.31850985672351e-191,4.35382043017063,0.918,0.458,2.00682191559395e-186,"22","XBP1"
0,4.3526226229107,0.64,0.021,0,"22","FCRL5"
1.42019204395543e-295,4.32281841671097,0.365,0.026,4.51067195080683e-291,"22","LY9"
1.82071573232476e-254,4.30838840705546,0.266,0.016,5.78277523743668e-250,"22","RP11-81H14.2"
2.28120033145926e-282,4.29297432804908,0.335,0.023,7.24532037274775e-278,"22","DPEP1"
5.50283746012533e-266,4.25466313399375,0.607,0.09,1.74775620571041e-261,"22","PTP4A3"
4.70829631418796e-200,4.18604911835357,0.25,0.018,1.49540199234924e-195,"22","TXNDC5"
6.20629686309757e-151,4.14560950288053,0.723,0.246,1.97118194668842e-146,"22","ANKRD37"
2.85323997765369e-49,4.35335556030045,0.313,0.101,9.06217549302588e-45,"23","CSMD1"
1.19094226305254e-128,3.89957296225366,0.753,0.361,3.78255172168117e-124,"23","HFM1"
1.12733639965668e-30,3.89786829005984,0.31,0.137,3.58053313894959e-26,"23","SLC26A3"
2.8697984430296e-32,3.39111505412217,0.343,0.159,9.11476683490631e-28,"23","SLCO5A1"
7.03755911180312e-31,3.26529923394628,0.377,0.196,2.23519914949979e-26,"23","PVT1"
4.07522193679027e-24,3.19236980742486,0.357,0.206,1.29433123934396e-19,"23","AL132709.5"
1.57286974272561e-13,3.11473861161042,0.266,0.16,4.99559158987082e-09,"23","SGIP1"
2.83302211124136e-60,3.08282223661758,0.568,0.307,8.99796152751369e-56,"23","PDE3A"
4.19790207330478e-121,3.03973382789142,0.756,0.361,1.33329567750233e-116,"23","AC105402.4"
1.45186789032836e-71,3.02961779471148,0.507,0.197,4.61127760647191e-67,"23","MEIS2"
1.55366765655291e-30,2.99743329137559,0.432,0.259,4.9346038439777e-26,"23","RP11-750B16.1"
9.5501856117291e-19,2.94690369696174,0.363,0.237,3.03323445214128e-14,"23","RP5-857K21.4"
9.86263593334424e-71,2.93915746774157,0.493,0.187,3.13247179878946e-66,"23","CACNA1C"
4.09394094260275e-111,2.91688926799013,0.756,0.362,1.30027658278006e-106,"23","hsa-mir-6723"
4.92685494245841e-33,2.90642213859221,0.452,0.269,1.56481839827422e-28,"23","MTRNR2L9"
3.35740698143055e-35,2.89277462327709,0.327,0.132,1.06634603137216e-30,"23","KIF26B"
1.40571292412333e-21,2.88321641190257,0.391,0.255,4.46468481830811e-17,"23","MTRNR2L1"
1.27707236376336e-77,2.88296298364023,0.657,0.343,4.05610953454882e-73,"23","RP5-857K21.7"
1.20325503946052e-108,2.86221870267701,0.751,0.36,3.82165833083057e-104,"23","MTND1P23"
3.97507713419574e-94,2.80234439801896,0.715,0.354,1.26252424859191e-89,"23","MTND4P12"
4.15618187854325e-89,2.78216243579919,0.723,0.389,1.32004492644412e-84,"23","DHFR"
2.69038796594791e-09,2.76435401071334,0.355,0.307,8.54494121864714e-05,"23","INO80D"
1.39435316694651e-11,2.75668549585644,0.357,0.287,4.42860509353882e-07,"23","ZNF609"
1.016670704114e-87,2.73808638649664,0.715,0.356,3.22904782333646e-83,"23","RP5-857K21.11"
1.89692886656878e-97,2.71732297591547,0.723,0.353,6.02483577310912e-93,"23","MTND2P28"
6.66399776749956e-55,2.65195630807238,0.507,0.235,2.11655233093554e-50,"23","KIAA1217"
1.32948747615822e-79,2.64998654140197,0.776,0.693,4.22258517302612e-75,"23","PRRC2C"
7.1657035415792e-24,2.63076470690334,0.388,0.232,2.27589910184097e-19,"23","KAZN"
0.000272185100218642,2.60297734119835,0.277,0.26,1,"23","TP53BP1"
2.21323894335074e-93,2.59807339867832,0.745,0.36,7.02946820797628e-89,"23","MTATP6P1"
0,7.91133886832306,0.37,0.002,0,"24","PRND"
0,7.27975372521576,0.34,0.002,0,"24","C6orf123"
0,6.7243859361923,0.377,0.005,0,"24","GPIHBP1"
0,6.65771872881536,0.317,0.001,0,"24","AL009178.1"
0,6.61655348482156,0.457,0.005,0,"24","F2RL3"
0,6.45166278923471,0.347,0.003,0,"24","RP11-483L5.1"
0,6.32707109856297,0.392,0.005,0,"24","SCN3B"
0,6.10028041649098,0.687,0.037,0,"24","LY6H"
0,6.07541093674206,0.483,0.006,0,"24","CETP"
0,6.05581181112179,0.317,0.002,0,"24","C6orf141"
0,5.69335247460331,0.619,0.026,0,"24","APLNR"
0,5.54694137722694,0.645,0.027,0,"24","RP11-536O18.1"
0,5.53606944337745,0.955,0.034,0,"24","CLDN5"
0,5.37094894230456,0.796,0.017,0,"24","BCL6B"
0,5.35331895208579,0.532,0.013,0,"24","KBTBD11"
3.38859919093012e-242,5.27315495252761,0.366,0.025,1.07625298903131e-237,"24","APLN"
0,5.25163935705871,0.747,0.021,0,"24","FLT4"
0,5.19767255828824,0.592,0.022,0,"24","KIT"
0,5.17701424001323,0.894,0.042,0,"24","KDR"
0,5.16105328807893,0.604,0.019,0,"24","SOX7"
0,5.10277588516341,0.887,0.031,0,"24","ROBO4"
0,5.05483048185499,0.849,0.03,0,"24","AC011526.1"
0,5.05432934813786,0.966,0.039,0,"24","CDH5"
0,4.79638588453384,0.366,0.009,0,"24","SCHIP1"
0,4.78746006661071,0.891,0.05,0,"24","TIE1"
0,4.72641243934002,0.909,0.033,0,"24","ECSCR"
0,4.71169539163343,0.781,0.029,0,"24","MYCT1"
3.56272346263643e-290,4.70954971749591,0.389,0.023,1.13155659896796e-285,"24","GJA4"
0,4.68375902361553,0.845,0.047,0,"24","KANK3"
0,4.68343153330634,0.536,0.02,0,"24","NPR1"
8.43222485974409e-35,3.7414084908412,0.33,0.09,2.67815893770332e-30,"25","SLC11A1"
0.00210666647955833,3.60859387931407,0.286,0.248,1,"25","ILF3-AS1"
3.79632831418947e-23,3.59650945380806,0.259,0.078,1.20575183586972e-18,"25","ITGAX"
1.39102315142412e-17,3.46149830097735,0.276,0.103,4.41802863123815e-13,"25","IFI30"
1.5422916682939e-11,3.11492040299693,0.303,0.162,4.89847256766825e-07,"25","PRKAG2"
1.39836876085925e-24,3.06612443027116,0.351,0.131,4.44135902136505e-20,"25","MYO1F"
1.04776095428285e-07,2.99372864075918,0.259,0.152,0.00332779356689775,"25","TNFAIP2"
7.02258548535412e-35,2.98258448954373,0.47,0.175,2.23044337600332e-30,"25","STAB1"
1.80350188676296e-18,2.97531910615802,0.281,0.103,5.72810234254784e-14,"25","CYTH4"
2.29265396574918e-18,2.88788739320094,0.303,0.118,7.28169826061598e-14,"25","ADAM28"
0.00308356483979731,2.85530509855403,0.297,0.272,1,"25","HEXIM1"
8.89539623220659e-14,2.82421053397585,0.416,0.265,2.82526679731113e-09,"25","LPAR6"
2.79838078694166e-29,2.71692257603464,0.541,0.275,8.88793721740541e-25,"25","MAFB"
1.07044481544776e-10,2.66618147185359,0.259,0.125,3.39983977834362e-06,"25","ARHGAP4"
0.000504969406178794,2.65810330414615,0.286,0.237,1,"25","DMXL2"
2.69103412870101e-14,2.64137408389272,0.395,0.229,8.54699349616726e-10,"25","NABP1"
4.25563341328861e-17,2.39094686981048,0.486,0.299,1.3516317283946e-12,"25","RGS2"
2.25337344031453e-05,2.36894837088249,0.438,0.433,0.715693938378298,"25","PPP1R10"
0.000354132969827317,2.34588268314954,0.254,0.191,1,"25","RASSF4"
5.67531321827856e-07,2.31767589230338,0.411,0.356,0.0180253623125745,"25","PARP14"
1.67378297975174e-10,2.31489048660616,0.276,0.14,5.3161021219895e-06,"25","TBXAS1"
3.9826309102921e-07,2.3132868038288,0.276,0.171,0.0126492340341787,"25","DOCK8"
0.00155218117195797,2.2980380727823,0.286,0.237,1,"25","FRMD4B"
7.68249912471064e-15,2.27334713963723,0.557,0.444,2.44003854699935e-10,"25","HSPH1"
5.42532341807119e-07,2.25517857236847,0.303,0.196,0.0172313697081359,"25","HCLS1"
4.081381696454e-10,2.23762639528919,0.297,0.159,1.29628764061075e-05,"25","FYB"
4.26700685463689e-06,2.199211768897,0.481,0.497,0.135524404710122,"25","CLK1"
2.02991124623438e-43,2.19754868732394,0.87,0.688,6.44720110916501e-39,"25","SAT1"
2.39322353557916e-24,2.19586012792891,0.357,0.124,7.60111727135296e-20,"25","CD163"
1.54968917144715e-19,2.17401831172284,0.568,0.4,4.92196777743329e-15,"25","MTRNR2L2"
0,11.8201140302882,0.474,0,0,"26","RP11-73G16.2"
0,10.5202408369376,0.948,0.002,0,"26","LILRA4"
0,10.0965767786289,0.623,0.001,0,"26","TCL1A"
0,9.69956159828725,0.636,0.002,0,"26","SHD"
0,9.16556036233028,0.883,0.002,0,"26","LRRC26"
0,8.92441631999788,0.753,0.002,0,"26","CLEC4C"
0,8.39165811251737,0.273,0.001,0,"26","KRT5"
0,8.1981977950759,0.831,0.014,0,"26","SCT"
0,7.96942509289963,0.656,0.007,0,"26","PTCRA"
0,7.92612638042676,0.981,0.021,0,"26","GZMB"
0,7.41882639325163,0.669,0.005,0,"26","FAM129C"
0,6.86110388758728,0.857,0.013,0,"26","SPIB"
0,6.69913806011141,0.331,0.003,0,"26","RP11-117D22.2"
0,6.54120359554434,0.935,0.034,0,"26","CLIC3"
0,6.52835500699858,0.429,0.01,0,"26","PHEX"
0,6.42403166463341,0.39,0.007,0,"26","PROC"
0,6.36660449643594,0.357,0.004,0,"26","PACSIN1"
0,6.29380449944536,0.5,0.008,0,"26","LINC00996"
4.10562458518224e-260,6.1139275308932,0.357,0.013,1.30398742449973e-255,"26","RP11-783K16.5"
0,6.06566207145845,0.416,0.005,0,"26","C1orf186"
0,5.95810905331281,0.662,0.009,0,"26","DNASE1L3"
0,5.93226740274572,0.968,0.043,0,"26","PLAC8"
0,5.91228481329107,0.377,0.008,0,"26","KCNK17"
0,5.72895629511469,0.818,0.043,0,"26","BCL11A"
0,5.66770361379556,0.935,0.062,0,"26","IL3RA"
0,5.6560928322659,0.76,0.022,0,"26","SMPD3"
4.24896455423472e-322,5.65043054262512,0.89,0.08,1.34951363207049e-317,"26","TSPAN13"
6.19232236558668e-318,5.45428289568329,0.994,0.108,1.96674350653399e-313,"26","IRF8"
1.30118174198655e-250,5.36441946373844,0.344,0.013,4.13268333072349e-246,"26","DRD4"
2.42096969135164e-254,5.25820655361031,0.286,0.008,7.68924183670193e-250,"26","NME8"
9.83345508882632e-23,4.88649229009288,0.535,0.253,3.12320367076213e-18,"27","INSR"
5.00944605465577e-62,4.57999694866101,0.377,0.048,1.59105016141922e-57,"27","PLVAP"
6.04082573474064e-43,4.32562036827127,0.404,0.078,1.91862666161098e-38,"27","ESM1"
3.48852564360108e-32,4.27386973665867,0.43,0.115,1.10799062966414e-27,"27","FLT1"
4.14844642249702e-35,4.1408671682825,0.526,0.162,1.31758806824928e-30,"27","IGFBP3"
2.04435984906984e-57,3.95885631701014,0.474,0.082,6.49309131663072e-53,"27","ANGPT2"
5.04042429810629e-22,3.92658345083008,0.263,0.06,1.60088916132154e-17,"27","ESAM"
4.13681065059809e-99,3.85885535569979,0.64,0.091,1.31389243073646e-94,"27","VWF"
3.81386529810909e-39,3.84911431875269,0.579,0.187,1.21132175733243e-34,"27","EGFL7"
5.81738891918751e-07,3.75714817723539,0.254,0.126,0.0184766089462314,"27","GALNT18"
1.59915084806658e-33,3.6694492852788,0.623,0.257,5.07906300854428e-29,"27","PRSS23"
9.75299986778025e-09,3.52371277125919,0.325,0.17,0.000309765028800569,"27","BCAM"
1.28414845989635e-11,3.48978997893611,0.289,0.113,4.07858392347679e-07,"27","ELTD1"
1.12181872279351e-13,3.4601797242873,0.421,0.21,3.56300844546448e-09,"27","PDLIM1"
3.94065011617083e-12,3.35818865742867,0.298,0.117,1.25158988339702e-07,"27","CD93"
9.9797673870957e-10,3.31797806528604,0.316,0.15,3.16967391981547e-05,"27","CDH13"
0.000581538079705224,3.26485359046969,0.263,0.181,1,"27","PITPNC1"
4.68943198644552e-18,3.22583518862573,0.588,0.366,1.48941049321496e-13,"27","HSPG2"
7.04892194906011e-33,3.22510405603012,0.728,0.345,2.23880810024098e-28,"27","SPARCL1"
0.000147624940779912,3.20308000626468,0.386,0.325,1,"27","MIR4435-1HG"
8.79161011715329e-09,3.18391343491411,0.289,0.135,0.000279230328930906,"27","MCAM"
2.28040010108411e-06,2.98863015380687,0.307,0.183,0.0724277876105324,"27","PREX2"
0.000168940037400062,2.93033859610248,0.307,0.217,1,"27","RGS3"
0.000282393684525199,2.92604457028868,0.289,0.2,1,"27","LDB2"
0.000653216638075377,2.8221559647545,0.307,0.23,1,"27","EPAS1"
3.44459979938722e-07,2.81284529178603,0.377,0.245,0.0109403934228337,"27","CRIM1"
1.24059486897347e-08,2.80168865256538,0.404,0.249,0.000394025336334663,"27","RAMP2"
0.00536878894943052,2.77550117076836,0.36,0.339,1,"27","SLC9A3R2"
2.36147196193551e-12,2.7295841701809,0.561,0.437,7.50027109830336e-08,"27","GNG11"
0.000132649511272112,2.70117898655974,0.342,0.257,1,"27","CRIP2"
2.7659033807301e-105,4.21934219981599,0.323,0.012,8.78478572753688e-101,"28","FCRLA"
7.70550859557721e-17,3.99674056855866,0.355,0.081,2.44734658504128e-12,"28","RP1-313I6.12"
2.01696356357916e-153,3.96155230096851,0.532,0.022,6.40607797428378e-149,"28","TNFRSF17"
2.02806849658007e-93,3.93362972322398,0.29,0.011,6.44134835198796e-89,"28","CH17-132F21.1"
3.05873947942403e-155,3.92618715400697,0.742,0.043,9.71486246059866e-151,"28","RP11-731F5.2"
1.66104643336863e-86,3.85173170269387,0.323,0.014,5.27564957702209e-82,"28","RP11-685N3.1"
4.81908068766472e-106,3.80468194104706,0.371,0.015,1.53058821720919e-101,"28","FAM92B"
6.14352709299311e-157,3.77656276017597,0.661,0.033,1.95124564000554e-152,"28","CD79A"
1.95834693347487e-116,3.70522003114354,0.758,0.06,6.21990569540955e-112,"28","MZB1"
1.34439813629658e-107,3.69953260317589,0.694,0.054,4.26994292069156e-103,"28","DERL3"
1.31460046507255e-122,3.66645573359563,0.435,0.018,4.17530253711692e-118,"28","FCRL2"
4.37544688880326e-67,3.65751872283296,0.419,0.031,1.3896856863528e-62,"28","LY9"
6.13616451554134e-97,3.63881721940648,0.355,0.015,1.94890721178109e-92,"28","PKHD1L1"
9.64573169025665e-108,3.62660961744189,0.758,0.066,3.06358084214242e-103,"28","IGJ"
5.5846425811437e-23,3.61469552878375,0.274,0.037,1.77373833019705e-18,"28","RP5-821D11.7"
5.91347098053237e-93,3.61332258448279,0.742,0.073,1.87817751812689e-88,"28","SPAG4"
4.13983599322719e-138,3.49319656548393,0.694,0.041,1.31485330980889e-133,"28","JSRP1"
2.83478925647888e-21,3.44844690338691,0.661,0.253,9.00357415750256e-17,"28","ANKRD37"
4.76547489638888e-133,3.43757627024069,0.581,0.03,1.51356248184207e-128,"28","FCRL5"
4.50746845922831e-37,3.40771885806364,0.258,0.021,1.4316170573355e-32,"28","TXNDC5"
5.60023845690377e-41,3.3866205692569,0.258,0.019,1.77869173629721e-36,"28","RP11-81H14.2"
1.68941598299006e-54,3.35193818262193,0.855,0.181,5.36575410357472e-50,"28","FKBP11"
4.60123385281055e-65,3.26863863187645,0.661,0.081,1.46139788399116e-60,"28","SDC1"
5.60208427204694e-108,3.26018252851301,0.452,0.022,1.77927798564483e-103,"28","RP11-16E12.2"
3.66763987641176e-27,3.25153178542187,0.371,0.058,1.16487910114714e-22,"28","AC093818.1"
4.52646648898176e-85,3.23569238155186,0.468,0.03,1.4376510215655e-80,"28","POU2AF1"
7.09320465325781e-69,3.20454268925648,0.339,0.02,2.25287272992121e-64,"28","PNOC"
1.17851144451876e-29,3.1996671030022,0.258,0.026,3.74307019893603e-25,"28","LMTK3"
3.7856545131386e-34,3.1906860544893,0.435,0.063,1.20236172991795e-29,"28","CD79B"
1.24962663862478e-51,3.17678117367049,0.661,0.1,3.96893916693616e-47,"28","IL16"
